Protein,Entry,Ambig,PeptideSequences,Gene names  (primary ),Protein names
sp|Q6YRW7|ARSI2_SYNY3,Q6YRW7,Yes,EDGELIIDER;EGWTKPQLLGLFAAADLTPR;MIVIYHNPDC[+57.021464]GTSR,arsI2,Arsenate reductase ArsI2 (EC 1.20.4.1)
sp|Q6ZEM6|ARSI1_SYNY3,Q6ZEM6,Yes,EDGELIIDER;EGWTKPQLLGLFAAADLTPR;MIVIYHNPDC[+57.021464]GTSR,arsI1,Arsenate reductase ArsI1 (EC 1.20.4.1)
tr|Q6YRW8|Q6YRW8_SYNY3,Q6YRW8,Yes,ASLNGVVVSEVSDSK;ILLTIIPPYPSK,NA,ParA family chromosome partitioning protein
tr|Q6ZEM5|Q6ZEM5_SYNY3,Q6ZEM5,Yes,ASLNGVVVSEVSDSK;ILLTIIPPYPSK,NA,Plasmid partitioning protein
tr|Q55943|Q55943_SYNY3,Q55943,Yes,NIIRDQER;TWYQQWFK,NA,Sll0788 protein
tr|Q6YRW5|Q6YRW5_SYNY3,Q6YRW5,Yes,NIIRDQER;TWYQQWFK,NA,Slr6039 protein
tr|P73857|P73857_SYNY3,P73857,Yes,EELTLGR,NA,Ssl3127 protein
tr|P74455|P74455_SYNY3,P74455,Yes,EELTLGR,NA,High-affinity branched-chain amino acid transport protein BraE
sp|Q6YRW7|ARSI2_SYNY3,Q6YRW7,Yes,EDGELIIDER;EGWTKPQLLGLFAAADLTPR;MIVIYHNPDC[+57.021464]GTSR,arsI2,Arsenate reductase ArsI2 (EC 1.20.4.1)
sp|Q6ZEM6|ARSI1_SYNY3,Q6ZEM6,Yes,EDGELIIDER;EGWTKPQLLGLFAAADLTPR;MIVIYHNPDC[+57.021464]GTSR,arsI1,Arsenate reductase ArsI1 (EC 1.20.4.1)
tr|Q6YRW8|Q6YRW8_SYNY3,Q6YRW8,Yes,ASLNGVVVSEVSDSK;ILLTIIPPYPSK,NA,ParA family chromosome partitioning protein
tr|Q6ZEM5|Q6ZEM5_SYNY3,Q6ZEM5,Yes,ASLNGVVVSEVSDSK;ILLTIIPPYPSK,NA,Plasmid partitioning protein
tr|Q55943|Q55943_SYNY3,Q55943,Yes,NIIRDQER;TWYQQWFK,NA,Sll0788 protein
tr|Q6YRW5|Q6YRW5_SYNY3,Q6YRW5,Yes,NIIRDQER;TWYQQWFK,NA,Slr6039 protein
tr|P73857|P73857_SYNY3,P73857,Yes,EELTLGR,NA,Ssl3127 protein
tr|P74455|P74455_SYNY3,P74455,Yes,EELTLGR,NA,High-affinity branched-chain amino acid transport protein BraE
sp|Q6YRW7|ARSI2_SYNY3,Q6YRW7,Yes,EDGELIIDER;EGWTKPQLLGLFAAADLTPR;MIVIYHNPDC[+57.021464]GTSR,arsI2,Arsenate reductase ArsI2 (EC 1.20.4.1)
sp|Q6ZEM6|ARSI1_SYNY3,Q6ZEM6,Yes,EDGELIIDER;EGWTKPQLLGLFAAADLTPR;MIVIYHNPDC[+57.021464]GTSR,arsI1,Arsenate reductase ArsI1 (EC 1.20.4.1)
tr|Q6YRW8|Q6YRW8_SYNY3,Q6YRW8,Yes,ASLNGVVVSEVSDSK;ILLTIIPPYPSK,NA,ParA family chromosome partitioning protein
tr|Q6ZEM5|Q6ZEM5_SYNY3,Q6ZEM5,Yes,ASLNGVVVSEVSDSK;ILLTIIPPYPSK,NA,Plasmid partitioning protein
tr|Q55943|Q55943_SYNY3,Q55943,Yes,NIIRDQER;TWYQQWFK,NA,Sll0788 protein
tr|Q6YRW5|Q6YRW5_SYNY3,Q6YRW5,Yes,NIIRDQER;TWYQQWFK,NA,Slr6039 protein
tr|P73857|P73857_SYNY3,P73857,Yes,EELTLGR,NA,Ssl3127 protein
tr|P74455|P74455_SYNY3,P74455,Yes,EELTLGR,NA,High-affinity branched-chain amino acid transport protein BraE
sp|Q6YRW7|ARSI2_SYNY3,Q6YRW7,Yes,EDGELIIDER;EGWTKPQLLGLFAAADLTPR;MIVIYHNPDC[+57.021464]GTSR,arsI2,Arsenate reductase ArsI2 (EC 1.20.4.1)
sp|Q6ZEM6|ARSI1_SYNY3,Q6ZEM6,Yes,EDGELIIDER;EGWTKPQLLGLFAAADLTPR;MIVIYHNPDC[+57.021464]GTSR,arsI1,Arsenate reductase ArsI1 (EC 1.20.4.1)
tr|Q6YRW8|Q6YRW8_SYNY3,Q6YRW8,Yes,ASLNGVVVSEVSDSK;ILLTIIPPYPSK,NA,ParA family chromosome partitioning protein
tr|Q6ZEM5|Q6ZEM5_SYNY3,Q6ZEM5,Yes,ASLNGVVVSEVSDSK;ILLTIIPPYPSK,NA,Plasmid partitioning protein
tr|Q55943|Q55943_SYNY3,Q55943,Yes,NIIRDQER;TWYQQWFK,NA,Sll0788 protein
tr|Q6YRW5|Q6YRW5_SYNY3,Q6YRW5,Yes,NIIRDQER;TWYQQWFK,NA,Slr6039 protein
tr|P73857|P73857_SYNY3,P73857,Yes,EELTLGR,NA,Ssl3127 protein
tr|P74455|P74455_SYNY3,P74455,Yes,EELTLGR,NA,High-affinity branched-chain amino acid transport protein BraE
sp|Q6YRW7|ARSI2_SYNY3,Q6YRW7,Yes,EDGELIIDER;EGWTKPQLLGLFAAADLTPR;MIVIYHNPDC[+57.021464]GTSR,arsI2,Arsenate reductase ArsI2 (EC 1.20.4.1)
sp|Q6ZEM6|ARSI1_SYNY3,Q6ZEM6,Yes,EDGELIIDER;EGWTKPQLLGLFAAADLTPR;MIVIYHNPDC[+57.021464]GTSR,arsI1,Arsenate reductase ArsI1 (EC 1.20.4.1)
tr|Q6YRW8|Q6YRW8_SYNY3,Q6YRW8,Yes,ASLNGVVVSEVSDSK;ILLTIIPPYPSK,NA,ParA family chromosome partitioning protein
tr|Q6ZEM5|Q6ZEM5_SYNY3,Q6ZEM5,Yes,ASLNGVVVSEVSDSK;ILLTIIPPYPSK,NA,Plasmid partitioning protein
tr|Q55943|Q55943_SYNY3,Q55943,Yes,NIIRDQER;TWYQQWFK,NA,Sll0788 protein
tr|Q6YRW5|Q6YRW5_SYNY3,Q6YRW5,Yes,NIIRDQER;TWYQQWFK,NA,Slr6039 protein
tr|P73857|P73857_SYNY3,P73857,Yes,EELTLGR,NA,Ssl3127 protein
tr|P74455|P74455_SYNY3,P74455,Yes,EELTLGR,NA,High-affinity branched-chain amino acid transport protein BraE
sp|Q6YRW7|ARSI2_SYNY3,Q6YRW7,Yes,EDGELIIDER;EGWTKPQLLGLFAAADLTPR;MIVIYHNPDC[+57.021464]GTSR,arsI2,Arsenate reductase ArsI2 (EC 1.20.4.1)
sp|Q6ZEM6|ARSI1_SYNY3,Q6ZEM6,Yes,EDGELIIDER;EGWTKPQLLGLFAAADLTPR;MIVIYHNPDC[+57.021464]GTSR,arsI1,Arsenate reductase ArsI1 (EC 1.20.4.1)
tr|Q6YRW8|Q6YRW8_SYNY3,Q6YRW8,Yes,ASLNGVVVSEVSDSK;ILLTIIPPYPSK,NA,ParA family chromosome partitioning protein
tr|Q6ZEM5|Q6ZEM5_SYNY3,Q6ZEM5,Yes,ASLNGVVVSEVSDSK;ILLTIIPPYPSK,NA,Plasmid partitioning protein
tr|Q55943|Q55943_SYNY3,Q55943,Yes,NIIRDQER;TWYQQWFK,NA,Sll0788 protein
tr|Q6YRW5|Q6YRW5_SYNY3,Q6YRW5,Yes,NIIRDQER;TWYQQWFK,NA,Slr6039 protein
tr|P73857|P73857_SYNY3,P73857,Yes,EELTLGR,NA,Ssl3127 protein
tr|P74455|P74455_SYNY3,P74455,Yes,EELTLGR,NA,High-affinity branched-chain amino acid transport protein BraE
sp|Q6YRW7|ARSI2_SYNY3,Q6YRW7,Yes,EDGELIIDER;EGWTKPQLLGLFAAADLTPR;MIVIYHNPDC[+57.021464]GTSR,arsI2,Arsenate reductase ArsI2 (EC 1.20.4.1)
sp|Q6ZEM6|ARSI1_SYNY3,Q6ZEM6,Yes,EDGELIIDER;EGWTKPQLLGLFAAADLTPR;MIVIYHNPDC[+57.021464]GTSR,arsI1,Arsenate reductase ArsI1 (EC 1.20.4.1)
tr|Q6YRW8|Q6YRW8_SYNY3,Q6YRW8,Yes,ASLNGVVVSEVSDSK;ILLTIIPPYPSK,NA,ParA family chromosome partitioning protein
tr|Q6ZEM5|Q6ZEM5_SYNY3,Q6ZEM5,Yes,ASLNGVVVSEVSDSK;ILLTIIPPYPSK,NA,Plasmid partitioning protein
tr|Q55943|Q55943_SYNY3,Q55943,Yes,NIIRDQER;TWYQQWFK,NA,Sll0788 protein
tr|Q6YRW5|Q6YRW5_SYNY3,Q6YRW5,Yes,NIIRDQER;TWYQQWFK,NA,Slr6039 protein
tr|P73857|P73857_SYNY3,P73857,Yes,EELTLGR,NA,Ssl3127 protein
tr|P74455|P74455_SYNY3,P74455,Yes,EELTLGR,NA,High-affinity branched-chain amino acid transport protein BraE
sp|Q6YRW7|ARSI2_SYNY3,Q6YRW7,Yes,EDGELIIDER;EGWTKPQLLGLFAAADLTPR;MIVIYHNPDC[+57.021464]GTSR,arsI2,Arsenate reductase ArsI2 (EC 1.20.4.1)
sp|Q6ZEM6|ARSI1_SYNY3,Q6ZEM6,Yes,EDGELIIDER;EGWTKPQLLGLFAAADLTPR;MIVIYHNPDC[+57.021464]GTSR,arsI1,Arsenate reductase ArsI1 (EC 1.20.4.1)
tr|Q6YRW8|Q6YRW8_SYNY3,Q6YRW8,Yes,ASLNGVVVSEVSDSK;ILLTIIPPYPSK,NA,ParA family chromosome partitioning protein
tr|Q6ZEM5|Q6ZEM5_SYNY3,Q6ZEM5,Yes,ASLNGVVVSEVSDSK;ILLTIIPPYPSK,NA,Plasmid partitioning protein
tr|Q55943|Q55943_SYNY3,Q55943,Yes,NIIRDQER;TWYQQWFK,NA,Sll0788 protein
tr|Q6YRW5|Q6YRW5_SYNY3,Q6YRW5,Yes,NIIRDQER;TWYQQWFK,NA,Slr6039 protein
tr|P73857|P73857_SYNY3,P73857,Yes,EELTLGR,NA,Ssl3127 protein
tr|P74455|P74455_SYNY3,P74455,Yes,EELTLGR,NA,High-affinity branched-chain amino acid transport protein BraE
sp|Q6YRW7|ARSI2_SYNY3,Q6YRW7,Yes,EDGELIIDER;EGWTKPQLLGLFAAADLTPR;MIVIYHNPDC[+57.021464]GTSR,arsI2,Arsenate reductase ArsI2 (EC 1.20.4.1)
sp|Q6ZEM6|ARSI1_SYNY3,Q6ZEM6,Yes,EDGELIIDER;EGWTKPQLLGLFAAADLTPR;MIVIYHNPDC[+57.021464]GTSR,arsI1,Arsenate reductase ArsI1 (EC 1.20.4.1)
tr|Q6YRW8|Q6YRW8_SYNY3,Q6YRW8,Yes,ASLNGVVVSEVSDSK;ILLTIIPPYPSK,NA,ParA family chromosome partitioning protein
tr|Q6ZEM5|Q6ZEM5_SYNY3,Q6ZEM5,Yes,ASLNGVVVSEVSDSK;ILLTIIPPYPSK,NA,Plasmid partitioning protein
tr|Q55943|Q55943_SYNY3,Q55943,Yes,NIIRDQER;TWYQQWFK,NA,Sll0788 protein
tr|Q6YRW5|Q6YRW5_SYNY3,Q6YRW5,Yes,NIIRDQER;TWYQQWFK,NA,Slr6039 protein
tr|P73857|P73857_SYNY3,P73857,Yes,EELTLGR,NA,Ssl3127 protein
tr|P74455|P74455_SYNY3,P74455,Yes,EELTLGR,NA,High-affinity branched-chain amino acid transport protein BraE
sp|Q6YRW7|ARSI2_SYNY3,Q6YRW7,Yes,EDGELIIDER;EGWTKPQLLGLFAAADLTPR;MIVIYHNPDC[+57.021464]GTSR,arsI2,Arsenate reductase ArsI2 (EC 1.20.4.1)
sp|Q6ZEM6|ARSI1_SYNY3,Q6ZEM6,Yes,EDGELIIDER;EGWTKPQLLGLFAAADLTPR;MIVIYHNPDC[+57.021464]GTSR,arsI1,Arsenate reductase ArsI1 (EC 1.20.4.1)
tr|Q6YRW8|Q6YRW8_SYNY3,Q6YRW8,Yes,ASLNGVVVSEVSDSK;ILLTIIPPYPSK,NA,ParA family chromosome partitioning protein
tr|Q6ZEM5|Q6ZEM5_SYNY3,Q6ZEM5,Yes,ASLNGVVVSEVSDSK;ILLTIIPPYPSK,NA,Plasmid partitioning protein
tr|Q55943|Q55943_SYNY3,Q55943,Yes,NIIRDQER;TWYQQWFK,NA,Sll0788 protein
tr|Q6YRW5|Q6YRW5_SYNY3,Q6YRW5,Yes,NIIRDQER;TWYQQWFK,NA,Slr6039 protein
tr|P73857|P73857_SYNY3,P73857,Yes,EELTLGR,NA,Ssl3127 protein
tr|P74455|P74455_SYNY3,P74455,Yes,EELTLGR,NA,High-affinity branched-chain amino acid transport protein BraE
sp|Q6YRW7|ARSI2_SYNY3,Q6YRW7,Yes,EDGELIIDER;EGWTKPQLLGLFAAADLTPR;MIVIYHNPDC[+57.021464]GTSR,arsI2,Arsenate reductase ArsI2 (EC 1.20.4.1)
sp|Q6ZEM6|ARSI1_SYNY3,Q6ZEM6,Yes,EDGELIIDER;EGWTKPQLLGLFAAADLTPR;MIVIYHNPDC[+57.021464]GTSR,arsI1,Arsenate reductase ArsI1 (EC 1.20.4.1)
tr|Q6YRW8|Q6YRW8_SYNY3,Q6YRW8,Yes,ASLNGVVVSEVSDSK;ILLTIIPPYPSK,NA,ParA family chromosome partitioning protein
tr|Q6ZEM5|Q6ZEM5_SYNY3,Q6ZEM5,Yes,ASLNGVVVSEVSDSK;ILLTIIPPYPSK,NA,Plasmid partitioning protein
tr|Q55943|Q55943_SYNY3,Q55943,Yes,NIIRDQER;TWYQQWFK,NA,Sll0788 protein
tr|Q6YRW5|Q6YRW5_SYNY3,Q6YRW5,Yes,NIIRDQER;TWYQQWFK,NA,Slr6039 protein
tr|P73857|P73857_SYNY3,P73857,Yes,EELTLGR,NA,Ssl3127 protein
tr|P74455|P74455_SYNY3,P74455,Yes,EELTLGR,NA,High-affinity branched-chain amino acid transport protein BraE
sp|Q6YRW7|ARSI2_SYNY3,Q6YRW7,Yes,EDGELIIDER;EGWTKPQLLGLFAAADLTPR;MIVIYHNPDC[+57.021464]GTSR,arsI2,Arsenate reductase ArsI2 (EC 1.20.4.1)
sp|Q6ZEM6|ARSI1_SYNY3,Q6ZEM6,Yes,EDGELIIDER;EGWTKPQLLGLFAAADLTPR;MIVIYHNPDC[+57.021464]GTSR,arsI1,Arsenate reductase ArsI1 (EC 1.20.4.1)
tr|Q6YRW8|Q6YRW8_SYNY3,Q6YRW8,Yes,ASLNGVVVSEVSDSK;ILLTIIPPYPSK,NA,ParA family chromosome partitioning protein
tr|Q6ZEM5|Q6ZEM5_SYNY3,Q6ZEM5,Yes,ASLNGVVVSEVSDSK;ILLTIIPPYPSK,NA,Plasmid partitioning protein
tr|Q55943|Q55943_SYNY3,Q55943,Yes,NIIRDQER;TWYQQWFK,NA,Sll0788 protein
tr|Q6YRW5|Q6YRW5_SYNY3,Q6YRW5,Yes,NIIRDQER;TWYQQWFK,NA,Slr6039 protein
tr|P73857|P73857_SYNY3,P73857,Yes,EELTLGR,NA,Ssl3127 protein
tr|P74455|P74455_SYNY3,P74455,Yes,EELTLGR,NA,High-affinity branched-chain amino acid transport protein BraE
sp|Q6YRW7|ARSI2_SYNY3,Q6YRW7,Yes,EDGELIIDER;EGWTKPQLLGLFAAADLTPR;MIVIYHNPDC[+57.021464]GTSR,arsI2,Arsenate reductase ArsI2 (EC 1.20.4.1)
sp|Q6ZEM6|ARSI1_SYNY3,Q6ZEM6,Yes,EDGELIIDER;EGWTKPQLLGLFAAADLTPR;MIVIYHNPDC[+57.021464]GTSR,arsI1,Arsenate reductase ArsI1 (EC 1.20.4.1)
tr|Q6YRW8|Q6YRW8_SYNY3,Q6YRW8,Yes,ASLNGVVVSEVSDSK;ILLTIIPPYPSK,NA,ParA family chromosome partitioning protein
tr|Q6ZEM5|Q6ZEM5_SYNY3,Q6ZEM5,Yes,ASLNGVVVSEVSDSK;ILLTIIPPYPSK,NA,Plasmid partitioning protein
tr|Q55943|Q55943_SYNY3,Q55943,Yes,NIIRDQER;TWYQQWFK,NA,Sll0788 protein
tr|Q6YRW5|Q6YRW5_SYNY3,Q6YRW5,Yes,NIIRDQER;TWYQQWFK,NA,Slr6039 protein
tr|P73857|P73857_SYNY3,P73857,Yes,EELTLGR,NA,Ssl3127 protein
tr|P74455|P74455_SYNY3,P74455,Yes,EELTLGR,NA,High-affinity branched-chain amino acid transport protein BraE
sp|Q6YRW7|ARSI2_SYNY3,Q6YRW7,Yes,EDGELIIDER;EGWTKPQLLGLFAAADLTPR;MIVIYHNPDC[+57.021464]GTSR,arsI2,Arsenate reductase ArsI2 (EC 1.20.4.1)
sp|Q6ZEM6|ARSI1_SYNY3,Q6ZEM6,Yes,EDGELIIDER;EGWTKPQLLGLFAAADLTPR;MIVIYHNPDC[+57.021464]GTSR,arsI1,Arsenate reductase ArsI1 (EC 1.20.4.1)
tr|Q6YRW8|Q6YRW8_SYNY3,Q6YRW8,Yes,ASLNGVVVSEVSDSK;ILLTIIPPYPSK,NA,ParA family chromosome partitioning protein
tr|Q6ZEM5|Q6ZEM5_SYNY3,Q6ZEM5,Yes,ASLNGVVVSEVSDSK;ILLTIIPPYPSK,NA,Plasmid partitioning protein
tr|Q55943|Q55943_SYNY3,Q55943,Yes,NIIRDQER;TWYQQWFK,NA,Sll0788 protein
tr|Q6YRW5|Q6YRW5_SYNY3,Q6YRW5,Yes,NIIRDQER;TWYQQWFK,NA,Slr6039 protein
tr|P73857|P73857_SYNY3,P73857,Yes,EELTLGR,NA,Ssl3127 protein
tr|P74455|P74455_SYNY3,P74455,Yes,EELTLGR,NA,High-affinity branched-chain amino acid transport protein BraE
sp|Q6YRW7|ARSI2_SYNY3,Q6YRW7,Yes,EDGELIIDER;EGWTKPQLLGLFAAADLTPR;MIVIYHNPDC[+57.021464]GTSR,arsI2,Arsenate reductase ArsI2 (EC 1.20.4.1)
sp|Q6ZEM6|ARSI1_SYNY3,Q6ZEM6,Yes,EDGELIIDER;EGWTKPQLLGLFAAADLTPR;MIVIYHNPDC[+57.021464]GTSR,arsI1,Arsenate reductase ArsI1 (EC 1.20.4.1)
tr|Q6YRW8|Q6YRW8_SYNY3,Q6YRW8,Yes,ASLNGVVVSEVSDSK;ILLTIIPPYPSK,NA,ParA family chromosome partitioning protein
tr|Q6ZEM5|Q6ZEM5_SYNY3,Q6ZEM5,Yes,ASLNGVVVSEVSDSK;ILLTIIPPYPSK,NA,Plasmid partitioning protein
tr|Q55943|Q55943_SYNY3,Q55943,Yes,NIIRDQER;TWYQQWFK,NA,Sll0788 protein
tr|Q6YRW5|Q6YRW5_SYNY3,Q6YRW5,Yes,NIIRDQER;TWYQQWFK,NA,Slr6039 protein
tr|P73857|P73857_SYNY3,P73857,Yes,EELTLGR,NA,Ssl3127 protein
tr|P74455|P74455_SYNY3,P74455,Yes,EELTLGR,NA,High-affinity branched-chain amino acid transport protein BraE
sp|Q6YRW7|ARSI2_SYNY3,Q6YRW7,Yes,EDGELIIDER;EGWTKPQLLGLFAAADLTPR;MIVIYHNPDC[+57.021464]GTSR,arsI2,Arsenate reductase ArsI2 (EC 1.20.4.1)
sp|Q6ZEM6|ARSI1_SYNY3,Q6ZEM6,Yes,EDGELIIDER;EGWTKPQLLGLFAAADLTPR;MIVIYHNPDC[+57.021464]GTSR,arsI1,Arsenate reductase ArsI1 (EC 1.20.4.1)
tr|Q6YRW8|Q6YRW8_SYNY3,Q6YRW8,Yes,ASLNGVVVSEVSDSK;ILLTIIPPYPSK,NA,ParA family chromosome partitioning protein
tr|Q6ZEM5|Q6ZEM5_SYNY3,Q6ZEM5,Yes,ASLNGVVVSEVSDSK;ILLTIIPPYPSK,NA,Plasmid partitioning protein
tr|Q55943|Q55943_SYNY3,Q55943,Yes,NIIRDQER;TWYQQWFK,NA,Sll0788 protein
tr|Q6YRW5|Q6YRW5_SYNY3,Q6YRW5,Yes,NIIRDQER;TWYQQWFK,NA,Slr6039 protein
tr|P73857|P73857_SYNY3,P73857,Yes,EELTLGR,NA,Ssl3127 protein
tr|P74455|P74455_SYNY3,P74455,Yes,EELTLGR,NA,High-affinity branched-chain amino acid transport protein BraE
